{
"xml": "http://www.w3.org/XML/1998/namespace",
"xs": "http://www.w3.org/2001/XMLSchema",
"xsi": "http://www.w3.org/2001/XMLSchema-instance",
"fn": "http://www.w3.org/2005/xpath-functions",
"local" : "http://www.w3.org/2005/xquery-local-functions",
"err": "http://www.w3.org/2005/xqt-errors",
"ann": "http://www.w3.org/2012/xquery", 
"math": "http://www.w3.org/2005/xpath-functions/math",
"map": "http://www.w3.org/2005/xpath-functions/map",
"array": "http://www.w3.org/2005/xpath-functions/array",
"output": "http://www.w3.org/2010/xslt-xquery-serialization",

"db": "http://basex.org/modules/db",
"file": "http://expath.org/ns/file",
"ft": "http://basex.org/modules/ft",
"hof":"http://basex.org/modules/hof",
"xslt": "http://basex.org/modules/xslt",
"zip": "http://expath.org/ns/zip",
"crypto": "http://expath.org/ns/crypto",
"json": "http://basex.org/modules/json",
"sql": "http://basex.org/modules/sql",
"http": "http://expath.org/ns/http-client",
"index": "http://basex.org/modules/index",
"repo": "http://basex.org/modules/repo",
"archive": "http://basex.org/modules/archive",
"client": "http://basex.org/modules/client",
"convert": "http://basex.org/modules/convert",
"hash": "http://basex.org/modules/hash",
"out": "http://basex.org/modules/out",
"proc":  "http://basex.org/modules/proc",
"prof":  "http://basex.org/modules/prof",
"validate":  "http://basex.org/modules/validate",
"xquery":  "http://basex.org/modules/xquery",
"admin":  "http://basex.org/modules/admin",
"random":  "http://basex.org/modules/random",
"fetch":  "http://basex.org/modules/fetch",
"html":  "http://basex.org/modules/html",
"inspect":  "http://basex.org/modules/inspect",
"stream":  "http://basex.org/modules/stream",
"unit":  "http://basex.org/modules/unit",
"csv":  "http://basex.org/modules/csv",
"bin":  "http://expath.org/ns/binary",
"user":  "http://basex.org/modules/user",
"web":  "http://basex.org/modules/web",
"strings":  "http://basex.org/modules/strings",
"jobs":  "http://basex.org/modules/jobs",
"util":  "http://basex.org/modules/util",
"lazy":  "http://basex.org/modules/lazy",
"update":  "http://basex.org/modules/update",
"ws":  "http://basex.org/modules/ws",
"perm": "http://basex.org/modules/perm",
"rest": "http://exquery.org/ns/restxq",
"basex": "http://basex.org",
"session": "http://basex.org/modules/session",
"sessions": "http://basex.org/modules/sessions",
"geo": "http://expath.org/ns/geo"
}